id,name,email,mobile,location,department,salary
1,Katelyn Miller,eric79@example.com,410-913-1703x8582,Pune,IT,134202
2,Sara Rodgers,campbelllisa@example.org,(717)246-2489x27139,Pune,Finance,35912
3,Erin Hunt,amyweber@example.com,(468)370-1539,Delhi,Finance,145184
4,Nicole Phillips,teresa86@example.net,(860)596-6376x7052,Mumbai,Sales,147511
5,Michael Wright,andrea20@example.net,580-514-2633x030,Ahmedabad,Marketing,46496
6,Michael Williams,smithmike@example.org,861-711-7391,Bangalore,Sales,120432
7,Brenda Williams,hobbskaren@example.com,604-850-0032x277,Pune,IT,75376
8,Sean Green,aaron36@example.net,969-901-0358x6988,Ahmedabad,IT,90822
9,Brandy Hill,joanna76@example.net,533.781.0253,Pune,Marketing,112533
10,Janice Carlson,glennmcfarland@example.net,+1-729-811-0584x0030,Ahmedabad,IT,149568
11,Julian Jones,tbenton@example.org,542.498.1220x4962,Ahmedabad,Marketing,51872
12,Aaron Torres,williamsmark@example.net,+1-757-730-0279x36137,Bangalore,IT,59267
13,Jackson Terry,christian57@example.org,(501)265-0217,Pune,HR,68593
14,Kimberly Phillips,juliekelley@example.com,+1-845-672-9751,Delhi,HR,99237
15,Diane Smith,omason@example.com,+1-276-505-7386x81213,Ahmedabad,Marketing,70791
16,Ariana Adams,rsmith@example.net,(564)265-6834x177,Delhi,Finance,90638
17,Tracy Ramirez,kimberly63@example.com,001-879-747-5472x148,Delhi,Sales,139799
18,Jonathan Terrell,nancylove@example.org,+1-903-752-3333x10374,Delhi,Sales,117721
19,Tanner Melton,marymurray@example.com,749-545-6169x91609,Mumbai,IT,59318
20,Ariana Payne,hhodge@example.org,7516658290,Ahmedabad,HR,131222
21,Dawn Wheeler DVM,jhudson@example.org,(367)956-5894x92070,Delhi,HR,64085
22,Peter Love,smithtracy@example.net,783.550.6489,Pune,HR,133159
23,Matthew Blake,littleaustin@example.org,+1-393-634-4276x062,Ahmedabad,HR,92004
24,Lawrence Tucker,ingramtabitha@example.net,(817)387-8776x578,Delhi,Finance,144127
25,Marissa Flowers,kevin10@example.org,4212583280,Delhi,Sales,34864
26,Stephanie Blake,murraydanielle@example.com,559.916.3051x70310,Mumbai,Finance,138890
27,Ms. Monica Bryant DDS,davidvaldez@example.com,(575)669-2322x23146,Mumbai,Finance,132513
28,Kevin Jones,smoore@example.net,640.970.0730x42281,Bangalore,HR,140345
29,Alexandra Jones,chelsea79@example.net,(257)631-7923x88840,Delhi,HR,64993
30,Kristi Brown,nancycraig@example.net,+1-728-342-1369x33150,Ahmedabad,Finance,111995
31,Louis Curtis,timothyrogers@example.net,(234)215-5525,Bangalore,Sales,90385
32,Matthew Mathis,jasonhowe@example.com,841-358-1550,Mumbai,Sales,132982
33,Steven Castillo,harrisdavid@example.com,881-454-8211,Bangalore,Sales,140875
34,Miss Carol Stone DVM,curtis07@example.com,001-438-652-2917x8696,Ahmedabad,Sales,91754
35,John Moran,fernandoaguirre@example.net,441-653-1958x7716,Bangalore,HR,122771
36,Monica Rios,derrickmiller@example.com,(981)510-8992x307,Pune,HR,87938
37,Crystal Ingram DVM,andrewwilliams@example.org,(660)275-2765x4372,Bangalore,Marketing,144549
38,Matthew Hawkins,jeffrey27@example.org,229-596-2555,Mumbai,HR,38740
39,Billy Allen,tony83@example.com,7045460187,Ahmedabad,IT,126392
40,Kara Hanson,garrisonkelly@example.net,396-509-5831,Pune,IT,61461
41,Laura Buckley,randallnicholson@example.org,+1-387-889-3455x28967,Mumbai,Marketing,32516
42,Timothy Smith,warrencarolyn@example.net,444.430.4447x44920,Pune,Finance,91986
43,Erica Castillo,geraldserrano@example.org,(903)829-5562x2796,Delhi,Finance,84320
44,Susan Walsh,farmerevan@example.net,(860)790-9895x837,Ahmedabad,Marketing,49632
45,Amanda Thompson,maria48@example.net,686-459-7064x493,Bangalore,Finance,86363
46,Jose Thompson,gkennedy@example.net,661.980.1023x296,Bangalore,Finance,45704
47,Harold Watson,ystone@example.com,320-595-3744x0494,Delhi,IT,108193
48,Stuart Miller,ronaldhaley@example.net,399.876.1666,Ahmedabad,IT,132807
49,Joseph Knight,kelly45@example.org,747.663.0920x36314,Bangalore,IT,46600
50,Stephanie Kelly,davenportheather@example.org,562.223.7856x50853,Ahmedabad,Sales,100039
51,Margaret Marquez,anthonyortiz@example.org,(252)377-6269x5406,Pune,Finance,108143
52,Brenda Williams,craigbrandon@example.com,+1-822-430-3889x31134,Ahmedabad,Marketing,110954
53,Shane Trevino,amanda38@example.net,(288)878-1721x23600,Bangalore,Sales,145147
54,Timothy Figueroa,michaelhughes@example.com,660.529.9996,Delhi,IT,43470
55,Rebecca Lawrence,martharomero@example.net,(763)413-9409x100,Ahmedabad,Sales,97209
56,Peggy Carlson,melissalogan@example.net,407-328-7421x38358,Bangalore,IT,128155
57,Michael Page,lhernandez@example.net,820-694-8083x72144,Mumbai,HR,44027
58,Luke Payne,kristysteele@example.net,833-944-5318x9371,Mumbai,Finance,62853
59,Carla Williams,mtucker@example.net,303-590-6768,Pune,IT,124987
60,Douglas Thomas,robertjohnson@example.org,374-825-9611,Delhi,IT,86020
61,Michael Rose,whitepatricia@example.com,364.574.7443x8670,Mumbai,Finance,121155
62,Brandon Baker,qbell@example.com,(758)345-9391x218,Bangalore,Sales,41085
63,Jackson Curtis,graycraig@example.org,(978)691-2795,Mumbai,Marketing,78577
64,Sarah Burke,santanatammie@example.org,3248584954,Bangalore,Sales,42146
65,Paul Parks,dphillips@example.org,481.743.0490,Pune,Finance,96430
66,Kristi Smith,jmorrison@example.net,511-661-2845x9985,Delhi,IT,95621
67,Diane Smith,justinharmon@example.org,001-345-764-5950x7302,Mumbai,Sales,31490
68,Alyssa Wilkerson,bushbobby@example.org,250.212.8712,Bangalore,Marketing,51628
69,Margaret Moran,david86@example.net,926-505-1917,Ahmedabad,Marketing,133861
70,Jeffrey Smith,pbernard@example.com,661.920.1630x02187,Bangalore,Finance,30874
71,Gregory Zimmerman,ghayes@example.com,6148785986,Ahmedabad,Finance,124613
72,Tammy Foley,dtownsend@example.net,970.941.6678x624,Bangalore,Sales,117194
73,Denise Harper,donnaryan@example.com,001-206-618-5240,Mumbai,Sales,134774
74,Gary Holden,joelcarlson@example.com,(956)869-5776,Mumbai,IT,117555
75,Carrie Maldonado,steven58@example.org,001-996-595-7188x695,Ahmedabad,Finance,97603
76,William Becker,mendozakayla@example.com,+1-861-758-9986x3450,Mumbai,Marketing,30428
77,Samantha Reed,debracarter@example.com,001-243-252-8530x5718,Delhi,IT,63401
78,Kimberly Carter,robertfernandez@example.net,6674845572,Pune,Finance,66233
79,Jeffrey Ward,thompsonandrea@example.com,926-918-2604,Pune,IT,86073
80,William Wall,andrewjackson@example.org,671-407-9288,Ahmedabad,Marketing,82945
81,Joshua Parker,gshea@example.com,957.358.2515x07385,Bangalore,Marketing,79030
82,Kendra Jones,kylewebb@example.com,908-274-4019x07868,Mumbai,IT,60510
83,Michael Lam,annamurray@example.com,(267)664-4581,Ahmedabad,IT,73672
84,Matthew Galvan,ynelson@example.com,8894211618,Delhi,IT,60010
85,Laura Grant,qpeters@example.org,(899)205-8888x71008,Delhi,Finance,83863
86,Tamara Dickerson,william27@example.net,(523)531-7021,Delhi,Marketing,129459
87,Michael Robles,rortega@example.org,(917)282-9679x652,Delhi,IT,42040
88,Brandy Reed,nathan79@example.com,(751)995-1209,Ahmedabad,HR,119079
89,Elizabeth Adams,davidperez@example.net,251.672.7996,Delhi,IT,45280
90,David Atkinson,harry81@example.org,284.979.1972,Delhi,Sales,80464
91,Bobby Carter,hmosley@example.org,(571)963-1075x3113,Ahmedabad,Finance,121127
92,Douglas Cohen,kchase@example.net,+1-896-389-7429x3835,Mumbai,Sales,59408
93,Grace Carey,lorishields@example.com,859.200.5583x044,Delhi,HR,72618
94,Angel Richardson,ilong@example.net,747-402-3173,Ahmedabad,IT,147564
95,Nicole Burke,nellis@example.com,001-853-839-4778x452,Delhi,Marketing,146831
96,Cathy Murphy,ryan92@example.org,258-869-5255x96754,Ahmedabad,Finance,61193
97,Alexander Douglas,kmiller@example.org,001-717-715-4102,Bangalore,Finance,108183
98,Dr. Jodi Smith,bburns@example.com,(299)380-2304,Mumbai,Marketing,56196
99,Emily Evans,vpalmer@example.org,001-870-727-3557x5848,Mumbai,Sales,88261
100,Jennifer Pierce,tannermichael@example.com,001-795-377-6991x2428,Delhi,Marketing,76457
101,Tammy Jones,andrew82@example.org,001-483-845-1867x4797,Pune,IT,44714
102,Lee Thompson,brookesmith@example.com,6482671408,Mumbai,HR,31050
103,Judith Scott,karenbrown@example.org,(669)887-8354x0109,Bangalore,IT,30887
104,Connie Cabrera,dominguezleon@example.com,001-446-935-7420x49566,Pune,Marketing,60527
105,Harry Stout,sheilajordan@example.net,+1-868-859-1407x07637,Mumbai,Sales,67797
106,Michelle Krueger,jennifer60@example.net,846-574-6039,Ahmedabad,Sales,149051
107,Megan Harrington MD,cgardner@example.net,544-335-4826x989,Pune,Sales,105594
108,Tina Welch,steve36@example.net,485.853.6661x32292,Bangalore,Finance,84434
109,Brad Hall,eddiejimenez@example.com,358.499.2293x1174,Pune,IT,47814
110,Cynthia Moreno,trevor24@example.net,436.669.4852x51702,Pune,Sales,53057
111,Ashley Shah,perkinsjenna@example.com,(980)911-4835x278,Bangalore,Sales,126263
112,Kathleen Gordon,clifford55@example.org,948-721-3911,Pune,Finance,44670
113,Kimberly Wall,boydmichelle@example.com,001-750-671-1709x282,Pune,HR,51183
114,Edward Moore,stevenreynolds@example.net,294-651-6382x8692,Ahmedabad,HR,100181
115,Jason Chapman,stacy01@example.net,583-562-2638x361,Mumbai,IT,147158
116,Ryan Brown,wattsraymond@example.net,525.362.1201x079,Ahmedabad,Sales,54992
117,Matthew Chandler,daviddixon@example.org,659-969-4307x91049,Delhi,Marketing,32353
118,April Williams,sayala@example.net,625-456-7919x87350,Pune,IT,36018
119,Joseph Brooks,joseph88@example.net,+1-282-255-5453,Mumbai,IT,69967
120,David Church,johnallen@example.com,(945)227-8113x6275,Pune,HR,145909
121,Brian Guzman,rodriguezanthony@example.com,001-237-395-5149x470,Mumbai,Sales,133132
122,Kathleen Moon,martinalexis@example.net,(993)527-7127,Mumbai,Sales,88451
123,Tammy Baker,jhart@example.net,8593091549,Mumbai,Sales,88405
124,Steven Parker,garciachristopher@example.com,627.514.9434,Ahmedabad,Marketing,56726
125,Mark Mcguire,ebraun@example.net,7645969502,Delhi,Finance,88901
126,Cheryl Brady,elizabeth44@example.net,001-701-383-9777x33866,Pune,IT,71999
127,George Bender,moyerjames@example.net,+1-962-494-4693x7568,Mumbai,IT,95841
128,Brent Adkins,jasonlong@example.net,+1-650-892-2204,Ahmedabad,HR,92340
129,Connie Riley,fthomas@example.net,(333)296-4323,Bangalore,HR,121849
130,William Greene,harringtonmelanie@example.org,270-706-7407x31206,Delhi,Marketing,133411
131,Daniel Ashley,angelawashington@example.org,(914)372-2858,Mumbai,HR,107103
132,Emily Byrd,williamrivera@example.net,419.692.8174x6870,Mumbai,HR,125538
133,Mark Harvey,tracyscott@example.com,(453)595-7750,Delhi,HR,80488
134,Ebony Carrillo,jennifermacdonald@example.net,+1-211-202-3116x19423,Mumbai,HR,109262
135,Nathan Ray,mezaalejandro@example.org,001-694-466-1980x016,Pune,Sales,32891
136,Gina Quinn,edwinhernandez@example.net,362.707.0419,Mumbai,Marketing,91924
137,Gabriel Roberts,meagan85@example.net,364-850-6341x419,Ahmedabad,Finance,57534
138,Lisa Thompson,nathanpage@example.com,(788)234-8262x3442,Pune,Finance,32136
139,Jennifer Gonzalez,jonesjacob@example.org,221-489-4367,Delhi,Sales,88096
140,Andrew Meyer,lhouston@example.org,+1-241-892-8246x47416,Ahmedabad,IT,134178
141,Michael Alexander,nmcintosh@example.org,8626370313,Mumbai,Sales,129433
142,Benjamin Patel,xkane@example.org,+1-486-974-0904x4772,Bangalore,HR,60579
143,Matthew Johnson,candice15@example.net,001-399-266-1376x139,Bangalore,Marketing,138804
144,Ricardo Patterson,webbjudy@example.com,551.837.6012x95913,Delhi,HR,58112
145,Jared Richardson,mcfarlandelizabeth@example.org,915-772-4801,Ahmedabad,IT,30798
146,Yolanda Wilson,jacobseileen@example.com,001-827-822-9923x880,Ahmedabad,IT,137667
147,Sandra Hill,murraykenneth@example.net,871.742.2942,Mumbai,Finance,41892
148,Nicholas Sandoval,maldonadoalbert@example.org,001-916-473-3775x49620,Ahmedabad,Finance,88148
149,Todd Mitchell,ugould@example.net,430.540.9922,Pune,Sales,79668
150,Lori Martin,pamelajensen@example.org,(256)637-3587x874,Mumbai,Marketing,147200
151,Pamela Rollins,juancooper@example.net,001-613-850-6087x914,Pune,Sales,100706
152,Alexander Johnson,brianavasquez@example.org,660.556.2573,Bangalore,Sales,31418
153,Phillip Johnson,jmiranda@example.com,+1-954-572-9724,Pune,HR,97127
154,Christopher Deleon,ramirezcameron@example.org,+1-559-453-9609x734,Ahmedabad,IT,67915
155,Christine Simon,christopherkennedy@example.org,547-904-3034x5591,Ahmedabad,Marketing,82193
156,Loretta James,baileyjoshua@example.org,+1-809-915-3292x6681,Mumbai,Sales,73573
157,Roger Gordon,travis66@example.org,2256987909,Delhi,Finance,85577
158,Kristen Lynn,hgarcia@example.org,001-273-524-4276x8880,Pune,IT,80177
159,Brandon Price,mandy58@example.org,001-905-947-7044x05893,Pune,Sales,32706
160,Robert Mason,jonathanaguilar@example.net,697.852.2306x20950,Pune,IT,82943
161,Troy Medina,brian12@example.net,(971)232-7290x457,Pune,HR,98510
162,David Johnson MD,thomaskaren@example.org,231.630.2354,Bangalore,Marketing,117534
163,Angela Hall,mmorris@example.com,310.875.5889,Delhi,Finance,56904
164,Jillian Chambers,haleyaguilar@example.org,266.718.3284x707,Delhi,Marketing,77485
165,Scott Arnold,mchavez@example.org,491.214.3033,Ahmedabad,Marketing,34921
166,Meghan Jimenez,garzahelen@example.com,593-659-6251,Bangalore,Finance,49014
167,Daniel Moss,stevenlawson@example.org,912.562.3905x55727,Mumbai,Sales,143413
168,Yesenia Stewart,simskelsey@example.org,775.326.2926,Bangalore,Finance,78149
169,Christopher Jones,andressmith@example.com,9237161321,Bangalore,Finance,124362
170,Kimberly Shelton,loridouglas@example.net,(637)872-5489x79709,Bangalore,Sales,48171
171,Amber Smith,chelseasawyer@example.org,(781)444-7601x5046,Delhi,HR,69532
172,Jeffrey Moore,qstuart@example.com,001-553-518-5792x6008,Pune,Sales,107473
173,Dr. Dawn Daniel DVM,bsolomon@example.org,+1-571-391-3759x42204,Ahmedabad,Sales,99908
174,David Lopez,cathylong@example.com,556-357-1732x1092,Delhi,IT,77570
175,Kimberly Davis,mary76@example.net,001-387-502-6921x14517,Mumbai,Finance,45657
176,John Hale,lloydrobert@example.org,+1-504-215-1514x4924,Delhi,Finance,118937
177,Margaret Mccall,ybird@example.net,(488)719-8343,Mumbai,IT,107991
178,Aaron Matthews,johnrussell@example.com,001-761-946-5148x783,Ahmedabad,Marketing,45860
179,Kathleen Carlson,uadams@example.net,515-833-2737,Delhi,IT,69367
180,Yvette Miller,mary46@example.com,(492)554-1342x55966,Pune,HR,121125
181,Randy Cole,michaelrandall@example.org,(309)317-1925x50827,Ahmedabad,Sales,90977
182,Scott Jennings,angelasmith@example.net,+1-734-726-7599x55276,Bangalore,IT,93285
183,Raymond Castro DDS,cardenaslauren@example.net,+1-684-677-7405x08472,Mumbai,IT,33617
184,Brendan Burke,burchcynthia@example.com,001-904-695-2161x0714,Mumbai,Marketing,57606
185,Mark Alexander,carlos72@example.com,001-788-385-5818x95341,Pune,Sales,42567
186,Lisa Michael,kellygarcia@example.org,001-231-624-3603x98946,Pune,HR,73796
187,Nicole Carr,raymondgreen@example.org,648-629-1632,Bangalore,Marketing,127438
188,Victor Hill,douglaslambert@example.com,917-213-5978x442,Ahmedabad,Finance,95216
189,Erica Robinson,lacey88@example.net,001-214-471-1087x7783,Bangalore,Marketing,140232
190,Darlene Baker,waremaria@example.net,487-691-7586x065,Mumbai,IT,132473
191,Ashley Sosa,james12@example.org,(439)216-2605,Ahmedabad,IT,114191
192,Lisa Norris,john12@example.net,6229504912,Mumbai,Finance,48906
193,Michael James,qsimon@example.com,221.565.6374x6417,Mumbai,IT,53656
194,James Williams,williamsveronica@example.org,774.687.0303x5540,Bangalore,IT,50331
195,Christine Ward,kendrawyatt@example.net,(937)785-9183x2741,Ahmedabad,Finance,58929
196,Tamara Taylor,billy86@example.com,648-532-9022,Pune,IT,37701
197,Ann Pacheco,hessthomas@example.com,778.949.5895x8585,Mumbai,Sales,91269
198,Dylan Lee,curtisjessica@example.com,3157022783,Ahmedabad,Marketing,70923
199,Mrs. Felicia Moore MD,reesederek@example.org,(357)732-5462,Pune,Sales,53422
200,Amanda Lloyd,burtonvincent@example.net,316.913.3769x84802,Bangalore,IT,83178
201,Jason Novak,pattersonalfred@example.com,848-303-0421x0235,Pune,HR,46884
202,Victor Maxwell,juansantos@example.com,510-500-5012x030,Delhi,HR,112200
203,Leroy Wilson,antonioburton@example.net,784.469.0354x9473,Mumbai,Finance,68303
204,Lisa Green,lesterkenneth@example.net,745.855.5248,Delhi,Sales,96687
205,Elizabeth Cox,thomaschapman@example.com,(816)871-3932,Bangalore,HR,56834
206,Marisa Clark,susansimpson@example.com,001-231-731-6964x494,Ahmedabad,HR,134790
207,Joseph Barton,catherine24@example.com,(876)481-9664,Bangalore,IT,54298
208,Brian Massey,thompsonchristina@example.com,+1-279-845-8253x074,Bangalore,HR,131105
209,Marvin Martin,mary54@example.org,663.598.3868,Mumbai,IT,112119
210,Jason Petersen,kevin85@example.org,2288825352,Pune,HR,141480
211,Tammy Contreras,jacobseddie@example.net,001-906-984-9851x6163,Ahmedabad,IT,86526
212,Brett Fischer,christinedavis@example.org,665-758-5675,Delhi,Finance,41635
213,George Oliver,joshuawilliams@example.org,+1-734-357-4933x2056,Pune,Finance,115366
214,James Fernandez,lisakrause@example.org,761-633-2693x4080,Pune,IT,46889
215,Tina York,stephanie11@example.net,+1-365-661-8965,Delhi,Finance,70689
216,Francisco Kelly,miguel79@example.net,505.934.4495,Bangalore,Finance,130179
217,Jamie Villanueva,harriskimberly@example.org,(818)977-7180x066,Delhi,Finance,109469
218,Mr. Robert Reyes,donald93@example.com,+1-406-357-5371x152,Bangalore,HR,132605
219,Donald Lewis,tamaraallen@example.com,6962852019,Mumbai,Finance,137325
220,Carla White,cjohnson@example.org,802.922.3293x901,Delhi,Marketing,69447
221,Sean Johnson,beth82@example.com,+1-359-478-7504x5298,Pune,HR,128968
222,Norma Jackson DDS,perezanthony@example.org,+1-307-899-3731,Delhi,IT,113584
223,Cindy Cook,mckinneybeth@example.org,719.230.5241x210,Mumbai,IT,93997
224,Jennifer Robertson,chandlerkrista@example.com,631-574-5208x75612,Pune,IT,38889
225,Erin Lee,jadams@example.com,(443)548-9363x002,Pune,HR,71954
226,Jose Lopez,jenniferjones@example.com,261.994.9209,Pune,HR,94307
227,Sally Smith,armstrongshane@example.net,(723)787-3788x133,Delhi,Sales,143080
228,Sara Taylor,wilsonbrooke@example.com,6092469869,Mumbai,Marketing,96140
229,Patricia Hunter,carl01@example.net,(737)278-4961x5239,Bangalore,HR,31755
230,Robert Ray,xbecker@example.net,001-800-241-3921,Ahmedabad,Finance,56775
231,Andrew Bennett,fcantu@example.net,601.987.3953x10295,Mumbai,Marketing,136838
232,Jamie Brown,baileymichael@example.com,(761)757-2014,Mumbai,Sales,43564
233,Linda Lopez,jackiecarey@example.net,(987)903-5096,Bangalore,HR,70631
234,Erica Soto,samanthamacdonald@example.com,+1-970-547-9258x0051,Mumbai,IT,119124
235,Kristine Blankenship,newtonthomas@example.org,(845)794-8395x465,Bangalore,HR,141685
236,Mark Smith,ginareed@example.org,605.562.6584x0899,Mumbai,Sales,36281
237,Michelle Thompson,michelescott@example.org,001-802-387-9413,Ahmedabad,IT,109824
238,Christopher West,andreapeters@example.com,(969)923-0246x1387,Mumbai,Finance,46284
239,Steven Richardson,vfisher@example.org,782-977-5150x972,Mumbai,Finance,127656
240,Brooke Vasquez,robinjones@example.net,379-292-7028x6798,Delhi,Finance,140863
241,Eric Carpenter IV,rioskimberly@example.com,855-204-7185,Pune,Finance,117138
242,Justin Reyes,dawncarter@example.net,698-769-8459x57903,Delhi,Finance,96110
243,Christopher Clark,dmartinez@example.com,265.701.9696x61211,Ahmedabad,Sales,111068
244,Danielle Mills,jordanalvarado@example.org,374.227.7291,Ahmedabad,Marketing,95714
245,Eric Wilson MD,manningmargaret@example.com,903.506.0845x92341,Mumbai,HR,70546
246,Luke Smith,meadowsscott@example.net,(574)801-6801,Bangalore,Marketing,56023
247,Jose Foster,kelsey28@example.com,+1-945-963-2723x146,Mumbai,Sales,100173
248,Travis Rios,aolsen@example.org,5424259131,Pune,Finance,130422
249,Joseph Johnson,figueroaandrea@example.org,+1-244-334-0872x48744,Pune,Marketing,47571
250,Shane Noble,afernandez@example.net,+1-602-266-8766x0144,Delhi,Finance,105937
251,Rebecca Fisher,wilsonemily@example.net,+1-689-278-8474x1928,Bangalore,Marketing,69114
252,Kari Ballard,angelamiller@example.com,(988)361-9340x8565,Ahmedabad,HR,58606
253,Jesse Gomez,chelseaspears@example.com,+1-626-422-9265x70590,Bangalore,Finance,49874
254,Jeremy Olson,iharris@example.org,(914)935-7390x8258,Delhi,HR,46385
255,Sean Martinez,thompsonbrandy@example.net,3287925901,Mumbai,Sales,126703
256,Christine Smith,reevespaul@example.com,660.472.6468x12281,Ahmedabad,Finance,78358
257,Anthony Jones,milesdana@example.net,285-956-2856x14789,Delhi,HR,84020
258,Todd Allen,christensenjames@example.com,+1-510-737-6424x97183,Bangalore,Marketing,136532
259,Olivia Deleon,scott86@example.com,7104485696,Delhi,IT,95064
260,Pamela Matthews,cobbnicole@example.org,650-495-1915x5756,Delhi,Sales,140007
261,James Lopez,jennifergalvan@example.com,001-200-696-4110,Bangalore,Marketing,42766
262,Johnny Mendoza,wademark@example.org,001-621-711-5365x11452,Mumbai,Sales,94052
263,Mr. Mark Wheeler,kimbauer@example.net,(902)706-7389x125,Pune,Marketing,135914
264,Joshua Anderson,adamblackwell@example.com,534.977.1785,Ahmedabad,Finance,108942
265,Maria Miller,ronaldrollins@example.net,7469323105,Ahmedabad,Sales,140994
266,Monica Avila,swright@example.net,937-504-5875,Delhi,HR,88411
267,Seth Perry,eortega@example.net,972.810.8631x5731,Pune,HR,84375
268,Dr. Michael Johnson,mwade@example.com,316.891.3067x2845,Delhi,IT,38478
269,Kenneth Collins,jhill@example.org,001-785-966-2954,Delhi,Sales,31296
270,Tyler Robinson,katelyn39@example.net,001-454-241-7872x75487,Delhi,Sales,142027
271,Mr. Ryan Watkins,bobstokes@example.net,(328)258-5096,Mumbai,HR,81703
272,Darius Barnes,gbanks@example.net,+1-826-362-7667x36933,Mumbai,Finance,74428
273,Carrie Chavez,wongjesse@example.com,778.432.2399x6209,Pune,Marketing,105916
274,Kathryn Cohen,caroline48@example.net,+1-923-869-2750x35842,Mumbai,Sales,147169
275,Michelle West,elizabeth52@example.org,479.598.3890x6525,Delhi,IT,71045
276,Richard Clements,christineross@example.org,715.214.4254x510,Ahmedabad,Finance,106399
277,Carla Haas,cmyers@example.org,(651)895-8208x6928,Mumbai,Marketing,55319
278,Kenneth Parrish,robertwilliams@example.com,+1-562-219-4595x6581,Ahmedabad,IT,147701
279,Leah Butler,dale97@example.net,933-702-0115,Bangalore,IT,66324
280,Megan Cunningham,jonescameron@example.com,001-551-337-5588x909,Bangalore,Finance,99320
281,Ashley Powell DVM,jford@example.com,001-577-717-7979x160,Mumbai,IT,63664
282,Amber Chen,brianarmstrong@example.com,001-611-808-8230x4471,Ahmedabad,IT,46847
283,Jillian Norman,nmoore@example.net,(822)296-2849,Mumbai,HR,93666
284,Joseph Martin,martinmaria@example.org,504.360.3650,Delhi,Finance,101387
285,Jason Robinson,sarah20@example.com,953.623.6185x37094,Ahmedabad,Sales,66357
286,Todd Clark,joan94@example.com,7493146060,Ahmedabad,Sales,124185
287,Chase Smith,cherylsalinas@example.com,362.746.5788,Ahmedabad,IT,55884
288,Stuart Reynolds,carolynwilcox@example.org,2282017215,Delhi,IT,126573
289,Michelle Roberts,woodardashley@example.net,(427)216-6516x451,Pune,Sales,118598
290,Caleb Rodriguez,lvaughn@example.org,803-366-6190,Mumbai,Marketing,109983
291,April Thompson,jenniferpatel@example.com,(457)986-1134x294,Pune,Sales,44131
292,Courtney Shaffer,daniel96@example.org,001-554-219-7097x03515,Mumbai,Marketing,87998
293,Madison Haynes,carteralicia@example.com,+1-449-999-8276x609,Pune,Finance,31825
294,Jason Stafford,mdavis@example.com,4962187342,Pune,Marketing,77240
295,Cathy Wilson,melissadurham@example.net,(397)794-1733x0046,Bangalore,Marketing,86959
296,Sara Knight,austin32@example.net,202.222.4634,Pune,Marketing,80175
297,Carla Goodman,zyoung@example.org,001-291-809-8200x5625,Mumbai,Finance,124104
298,Brian Payne,cobbmeagan@example.net,509.254.9733,Pune,HR,105723
299,Mario Freeman,qmora@example.com,348.675.8736x2964,Ahmedabad,HR,33032
300,Alexandra Singleton,karen81@example.net,282-297-5322,Delhi,IT,33891
301,Jennifer Thompson,jennifer03@example.net,+1-551-742-3977x2227,Pune,Sales,75095
302,Jack Logan,marcokelly@example.org,(943)826-2137,Bangalore,Marketing,111099
303,Amanda Acosta,sandra22@example.net,001-378-904-3873x583,Bangalore,Finance,144235
304,Rebecca Roberts,njones@example.org,001-684-303-0357,Bangalore,IT,138204
305,Dr. Chad Williams,vramsey@example.org,001-801-702-3633x08552,Bangalore,Finance,98277
306,Grant Miller,patriciasmith@example.net,972.946.3661x42160,Pune,IT,134254
307,Michael Herrera,yolanda11@example.org,(963)800-1637,Bangalore,Marketing,97159
308,Jared Moran,sextonjulian@example.com,(369)906-8768x8430,Bangalore,Finance,52740
309,Nicholas Adams,smurray@example.org,(305)497-6462x422,Bangalore,IT,65550
310,Derek Coleman,andreawalker@example.com,234.208.0833,Bangalore,Finance,49156
311,Jerry Gonzales,davidflores@example.net,(947)951-9939x85840,Bangalore,Finance,30301
312,Mr. Edwin Santos,emoreno@example.net,372-439-1754x505,Mumbai,IT,77119
313,Steven Powell,deborahwagner@example.org,(305)473-0544x192,Delhi,Marketing,67331
314,Brian Clark,michaelnichols@example.com,+1-284-503-2495x885,Mumbai,Marketing,65560
315,Jessica Davis,kkim@example.net,629-294-9418x25312,Ahmedabad,IT,42286
316,James Hanson,jwilliamson@example.org,(904)687-9773,Pune,Finance,115984
317,Andrew Perry,joel60@example.com,+1-742-617-7334x90596,Ahmedabad,Finance,100179
318,Jordan Barnes,abigail16@example.com,(565)644-0112x229,Ahmedabad,IT,87662
319,Sandra Cannon,tiffanyfrench@example.net,+1-763-932-8835x88103,Bangalore,Sales,87143
320,Kristina Lopez,kyle31@example.com,970-253-6159,Ahmedabad,Marketing,114169
321,Billy Meyer,reynoldsmichael@example.org,+1-316-403-4938x6791,Delhi,IT,48256
322,Christina Lopez,randerson@example.org,6655904801,Pune,Sales,70743
323,Tammy Klein,suzannesmith@example.net,270.672.3645,Pune,HR,93950
324,Jonathan Martinez,diazjohn@example.net,(307)360-5740x625,Ahmedabad,Marketing,145656
325,Jesse Mendoza,ywilliams@example.net,(800)930-6582x2556,Ahmedabad,HR,89159
326,Michele Bradford,julie75@example.com,001-524-599-8195x712,Delhi,HR,116819
327,Jennifer Arnold,wfoster@example.net,(978)581-9599x9837,Ahmedabad,Finance,67013
328,Mr. William Thompson,hallkeith@example.com,001-430-410-7203x8762,Pune,IT,102420
329,Daniel Barnes,yvalenzuela@example.org,001-908-363-8653x5272,Bangalore,IT,52233
330,Lisa Allen,cameronsimon@example.com,+1-495-287-5738x68731,Pune,Marketing,122517
331,Aaron Mcpherson,charlesallen@example.net,835.861.9726,Delhi,IT,109705
332,Carla Foster,youngdaniel@example.org,001-893-538-1813,Bangalore,Marketing,119311
333,Erika Salazar,jimenezmisty@example.com,(788)757-3201x61972,Mumbai,Finance,104603
334,Norma Mason,martin47@example.net,001-750-746-8249,Bangalore,Sales,145484
335,Cory Wallace,katherine33@example.com,848.379.0345x4190,Delhi,Sales,102201
336,Autumn Sandoval,wsmith@example.org,943-884-7025,Pune,Marketing,139088
337,Joseph Jackson,tiffanysnyder@example.com,+1-548-456-6623,Ahmedabad,Finance,41140
338,Eric Bradshaw,april37@example.org,638.297.4048x02319,Delhi,Marketing,60822
339,Joyce Waters,seanherring@example.net,298-578-1283x4465,Pune,Marketing,64257
340,Timothy Brennan,nwalker@example.org,001-950-995-3691x30435,Mumbai,Marketing,118891
341,Kelly Perkins,swhite@example.net,902-420-4230,Pune,IT,59864
342,Bridget Morrison,heathmolly@example.net,(783)236-3902x208,Mumbai,Marketing,110919
343,Donald Wade,andrewfields@example.net,994.816.3869x129,Delhi,IT,39448
344,Danielle Carrillo,rogerpetersen@example.com,(981)636-4850,Pune,Marketing,67097
345,Ashley Mendez,uwilliams@example.net,418-665-0171x86685,Mumbai,Marketing,107225
346,Edward Jones,wayne10@example.org,854-987-7010,Ahmedabad,HR,39549
347,Samuel Armstrong,theresa66@example.net,001-994-689-2473x92926,Delhi,IT,118074
348,Russell Conway,dnavarro@example.org,441.295.9975x22405,Pune,IT,73619
349,Ashley Fischer,michele15@example.org,(281)769-3866x16301,Bangalore,IT,53317
350,Jeremy Stuart,jamesjohnson@example.org,001-434-304-1653x214,Pune,HR,105017
351,Edward Medina,crystaljones@example.com,(653)457-2278x408,Pune,Finance,59263
352,Laura Hansen,castillokathryn@example.org,774-579-4899,Ahmedabad,Finance,142702
353,Angela Newton,duanebarnett@example.net,(311)718-0564,Pune,Sales,76224
354,Mr. Shawn White DDS,douglas31@example.org,(904)966-3586x87327,Mumbai,Finance,148883
355,Mark Rivas,samanthaharris@example.org,422-856-1331x4601,Bangalore,Marketing,88230
356,Steven Andrews,rhernandez@example.net,957.742.2917x570,Mumbai,Sales,127193
357,Mitchell Farrell,ashley87@example.net,001-801-593-2489x857,Pune,HR,141536
358,Marcus Moon,catherinegriffin@example.com,250-965-0780,Delhi,Marketing,146523
359,Carrie Walsh,gregoryanthony@example.net,001-262-937-8551x676,Delhi,IT,43600
360,Steven Leon,emccullough@example.com,207.628.7899,Delhi,Marketing,64780
361,Joseph Davis,fsantiago@example.org,001-205-520-2327,Pune,HR,148858
362,Amy Perry,don13@example.net,706-481-8627,Ahmedabad,Marketing,100296
363,Cheyenne Whitaker,uallison@example.net,820-417-8724x82994,Delhi,Marketing,75272
364,Edward Gibson,schmidtheather@example.org,730-457-5776x330,Pune,Marketing,74132
365,Thomas Peters,xcampbell@example.org,617-208-5446x4299,Bangalore,Sales,44470
366,Lisa Hill,leejaime@example.org,629.837.9690,Bangalore,HR,103121
367,Luis Simpson,hammondashley@example.net,+1-290-472-2697x57176,Delhi,IT,108158
368,Maria Gill,bhansen@example.com,(647)940-6656x2771,Pune,HR,112656
369,Alexis Wilson,ijohnson@example.net,+1-880-894-5948x7283,Bangalore,IT,76604
370,Joseph Livingston,brandon13@example.org,2664795750,Delhi,HR,149645
371,Russell Nguyen,jessicaadams@example.net,001-339-772-0952x452,Pune,Finance,91595
372,Dr. Michele Figueroa,ohinton@example.org,(866)950-0782,Mumbai,IT,140613
373,George Johnson,mary35@example.org,316.741.0715x3576,Mumbai,Finance,133480
374,Dr. Austin Thomas PhD,dixonsuzanne@example.com,(389)345-5384,Delhi,HR,94316
375,Olivia Franco,suehill@example.net,837.201.2299,Pune,Finance,49184
376,Joe Molina,lisamartinez@example.net,325.268.9646x02141,Pune,Sales,79542
377,Vanessa Lane,mjohnson@example.org,444.791.4237x2722,Mumbai,IT,55085
378,Lori Houston,kendragross@example.com,299.695.2566x67943,Delhi,IT,74819
379,Stephanie Jackson,patrick22@example.com,001-782-489-3752,Ahmedabad,Finance,128961
380,Russell Powell,williamsonlindsey@example.net,544.420.4569,Bangalore,Finance,88701
381,Jeff Thomas,herreradaniel@example.net,6538432072,Delhi,Finance,101946
382,Stephanie Mitchell,kgonzales@example.org,+1-946-514-1279,Ahmedabad,Marketing,75217
383,Gary Davis,alexrose@example.net,288-483-6472,Mumbai,HR,112742
384,Gabriel Ray,fmoreno@example.org,001-831-988-6635x4387,Pune,Finance,69158
385,Sandra Mahoney,wellsapril@example.org,691.907.3885x5328,Ahmedabad,Marketing,84886
386,Andrea Perez,williamsbenjamin@example.com,(551)426-5374x5614,Delhi,IT,66575
387,Christopher Wilson,adavis@example.org,877-579-5860,Mumbai,Sales,90328
388,Jasmine Reyes,hansonsarah@example.net,743-692-2554x8675,Delhi,HR,46501
389,Jonathan Gutierrez,kimbrian@example.com,757.981.4037x932,Delhi,Finance,53652
390,Jeffrey Pierce,bcampbell@example.net,(732)730-5389,Ahmedabad,Sales,106933
391,Amanda Cross,nicolepearson@example.org,592-875-2262,Bangalore,IT,91777
392,Barbara Johnson,scantu@example.com,728-930-7187,Pune,Marketing,30647
393,Karen Jones,julierodriguez@example.org,001-341-966-9619,Mumbai,Marketing,87418
394,Timothy Long,hfranklin@example.org,+1-567-229-1788x8466,Pune,HR,99445
395,Danielle Young,alfredolson@example.com,001-387-947-1500x8109,Ahmedabad,Sales,100433
396,Amanda Baker,david17@example.net,910.654.4835,Ahmedabad,HR,75984
397,Nancy Sanders,kimrivers@example.com,681.406.1067x3223,Ahmedabad,Sales,135582
398,Jacob Warner,psmith@example.org,447-671-6122,Mumbai,Marketing,105001
399,Johnny Delacruz,williamsvictoria@example.com,+1-374-505-9338x550,Mumbai,Marketing,134089
400,Zachary Farmer,melissa86@example.com,(328)706-6418,Mumbai,Marketing,105745
401,Thomas Hardy,sweeneyhannah@example.com,001-526-240-6609x150,Mumbai,HR,56080
402,Jackie Gonzales,rebecca60@example.org,(908)503-8262x80719,Delhi,Sales,123892
403,Alisha Baldwin,regina32@example.net,(969)833-0478x8144,Ahmedabad,Sales,58677
404,Catherine Bullock,hannasarah@example.org,001-574-225-9674x5070,Ahmedabad,IT,47548
405,Michael Perez,leroy35@example.net,6123099589,Delhi,IT,45403
406,Gregory Bennett,markhawkins@example.org,+1-811-277-3350x39550,Mumbai,HR,54105
407,Jordan Wright,jonathan88@example.com,001-577-540-3214x3881,Bangalore,Finance,70095
408,Donald Merritt,justinmurphy@example.org,+1-597-958-7468x79708,Pune,Sales,128433
409,Larry Johnson,susanwilliams@example.com,440-241-8304x417,Mumbai,HR,128487
410,Rose Fisher,nicolesingh@example.org,+1-374-964-6301x38769,Delhi,Finance,114138
411,Susan Kirk,smithjeffrey@example.net,001-705-287-3571x9317,Bangalore,Sales,127136
412,Ashley Hernandez,scott02@example.com,+1-464-832-1409x4700,Delhi,IT,78274
413,Brian Conley,lisa18@example.com,001-715-610-9429,Delhi,HR,65310
414,James Rogers,amandajones@example.org,+1-433-878-1745,Pune,HR,76057
415,Mark Barnett,karen33@example.net,8315835711,Mumbai,Sales,113402
416,Tara Madden,mrobinson@example.com,(238)859-1106,Mumbai,Sales,102809
417,Elizabeth Morales,lynnolsen@example.com,(297)287-6335,Bangalore,HR,78617
418,Nancy Fox,rblake@example.net,307-437-9915,Bangalore,Marketing,64868
419,Michael Schroeder,michelebaker@example.com,001-938-622-4171x9523,Pune,Marketing,94110
420,Deanna Chambers,psullivan@example.org,778.233.7344,Pune,Finance,54086
421,Erik Mendoza,jacksontravis@example.com,6975054898,Delhi,IT,124409
422,Barbara Murillo,mnorton@example.net,001-630-521-7061x525,Mumbai,Finance,148219
423,Robert Krause,bsolis@example.com,5184407371,Delhi,IT,137418
424,Jose Walters,emason@example.com,658.926.5234x602,Bangalore,HR,128234
425,Wendy May,tracy47@example.net,245-821-1167,Pune,IT,55087
426,Angela Taylor,johnpham@example.com,269.947.3447x279,Mumbai,Marketing,83600
427,Jessica Nash,crystal18@example.org,9345857183,Pune,Marketing,75038
428,Kristine Fitzgerald,leejudy@example.com,487-317-5424,Pune,Marketing,145786
429,Jared Walter,hessrachel@example.com,001-477-858-8506x9042,Bangalore,Finance,57209
430,William Brooks,dawnrangel@example.net,001-223-263-8402,Bangalore,Marketing,84570
431,Joan Branch,autumnmarquez@example.org,831.285.4977,Bangalore,Sales,130966
432,Michael Moore,pcampbell@example.org,(507)819-0325x9185,Delhi,Finance,115218
433,Makayla Williams,taylor56@example.com,+1-953-459-7952x329,Ahmedabad,Marketing,78077
434,Sara Long,brios@example.net,(651)882-7971x04636,Pune,Finance,78107
435,Marcus Peck,patrick72@example.com,(851)531-8036x006,Bangalore,IT,41206
436,Dawn Mckinney,jennifer14@example.com,001-494-418-9270x6612,Ahmedabad,Marketing,77351
437,Zoe Durham,alejandrocain@example.net,+1-656-552-0711x96718,Delhi,HR,80466
438,Lucas Davis,cassandramunoz@example.org,811.515.4111,Bangalore,IT,130144
439,Melissa Hayden,gary69@example.org,938.429.4778,Mumbai,Marketing,57224
440,Ann Scott,nlopez@example.org,351.670.4428x20236,Mumbai,IT,61967
441,Brandon Howell,tarawong@example.net,(555)470-8245x23564,Ahmedabad,HR,77948
442,Laura Myers,morganjeffery@example.com,2239221092,Pune,IT,116096
443,Laura Watts,jamiejohnson@example.net,451-751-5410,Delhi,Finance,136183
444,Michael Hernandez,lmassey@example.org,531-694-1737x32905,Pune,Finance,30757
445,William Brown,moodyjohn@example.org,(671)975-7583x946,Delhi,Sales,35277
446,Keith Vazquez,hallnancy@example.org,(218)584-0843,Delhi,Sales,67495
447,Alexandra Baker,robert74@example.net,668-236-7390x84851,Ahmedabad,Marketing,139390
448,Diana Foster,walkermark@example.org,931-304-5596,Ahmedabad,IT,48264
449,Raven Jones,udavis@example.com,001-816-385-9437x0715,Delhi,Finance,125962
450,Hayden Perez,cvalencia@example.org,793-229-2803x13139,Pune,HR,110146
451,Mrs. Lauren Rose,sanchezaaron@example.net,+1-621-879-6677,Ahmedabad,IT,126384
452,Debra Little,vtucker@example.com,259.456.8853,Ahmedabad,IT,107001
453,Amy Tate,virginiagarza@example.org,558-402-8889,Mumbai,Finance,31096
454,Melissa Molina,medinastacy@example.net,001-805-307-0355x2110,Mumbai,Sales,75871
455,Michelle Rivera,sullivancrystal@example.org,+1-399-596-5366,Pune,HR,113783
456,Ashley Barrett,thomaslewis@example.org,(462)587-1680x59317,Delhi,Marketing,116844
457,Joseph Martinez,fieldsmelanie@example.com,(261)430-7963x8126,Ahmedabad,Sales,41103
458,Christopher Wright,ybrown@example.org,757.449.9247,Ahmedabad,HR,104197
459,Jason Mcclain,smithlaura@example.com,349-659-9234x030,Mumbai,IT,125195
460,Patricia Peters,hamiltonmiranda@example.org,720-260-1913x3163,Bangalore,HR,53388
461,Keith Davis,mendezbryce@example.net,885-817-4644,Bangalore,Marketing,125700
462,Gabriela Spencer,jacklopez@example.org,(609)549-8075x0190,Delhi,HR,139188
463,Melissa Donovan,lrodriguez@example.org,797-740-8253x2659,Bangalore,Finance,61367
464,Antonio Gardner,tclayton@example.com,203-921-4940x6384,Bangalore,Marketing,64790
465,Nicole Fuentes,ericaknight@example.net,+1-549-710-8759,Ahmedabad,Finance,111550
466,Louis Griffin,omccullough@example.org,001-998-913-8195x181,Delhi,Sales,119885
467,Evelyn Hicks,cburch@example.com,291-512-6951,Bangalore,Marketing,64702
468,Dr. Bryan Munoz,davidwarner@example.net,607-693-0316x2902,Delhi,Marketing,31701
469,Allen Brown,briannablair@example.net,(675)933-0872x3647,Mumbai,Sales,130082
470,Patricia Sherman,pkane@example.net,001-747-279-5349x8108,Bangalore,Sales,55647
471,Ruth Patrick,danajohnson@example.org,(290)598-8404,Mumbai,Marketing,56759
472,James Kane,hayesaaron@example.com,672-354-0229x465,Mumbai,IT,145564
473,Cheryl Mcpherson,hunterdarren@example.net,771-207-8684,Ahmedabad,IT,91178
474,Edwin West,shane40@example.org,(373)509-7777,Pune,Sales,45355
475,Ashley Swanson,trivera@example.org,452-585-4772x5348,Delhi,Marketing,95875
476,Rebekah Fowler,michael00@example.com,498.219.1516,Pune,HR,65273
477,James Valdez,nealjonathan@example.org,788.450.7553x9179,Pune,Finance,32207
478,Jeffrey Green,apotter@example.net,5366480362,Pune,HR,50824
479,Elizabeth Stewart,jpineda@example.org,451.713.6717x69491,Delhi,HR,67077
480,Brittany Harmon,coreykennedy@example.net,235.331.5457x6414,Bangalore,Marketing,87776
481,John Castro,carpentermeagan@example.com,001-407-826-9606x467,Ahmedabad,Finance,106342
482,Dr. Michael Riley,stricklandbrian@example.com,3208924274,Mumbai,HR,61240
483,Frank Adams,robertpalmer@example.net,2449961744,Bangalore,Sales,134283
484,Mark Morrison,cunninghamolivia@example.com,001-266-377-5868x7334,Pune,Marketing,124749
485,Robert Perry,craigtony@example.net,001-618-217-5949x3058,Ahmedabad,Marketing,82444
486,John Murphy II,smithcharlotte@example.net,(896)866-1059,Ahmedabad,Finance,57205
487,Christopher Anderson,jimmy63@example.org,(938)210-9533x41593,Mumbai,Finance,33337
488,Emily Taylor,martinmarcus@example.com,001-222-954-9403,Ahmedabad,HR,76408
489,Elizabeth Cohen,rking@example.net,+1-283-935-3391x20100,Ahmedabad,Marketing,82366
490,Stacy Humphrey,katherinemcmillan@example.com,245-672-4683x00744,Pune,IT,130042
491,Wanda Lopez,lawrenceduarte@example.net,(831)815-1832x3769,Ahmedabad,HR,71720
492,Richard Trevino,underwoodkelly@example.org,367-582-1019x4969,Mumbai,HR,144971
493,Brooke Oneill,ortizdana@example.net,290.800.8912x16907,Mumbai,IT,34081
494,Darrell Castillo,wdiaz@example.com,(929)525-4745,Pune,Marketing,82429
495,Cindy Rivera,kerrpatricia@example.com,5726533430,Bangalore,Marketing,112035
496,Bonnie Singh,wilsonjustin@example.com,(713)205-6122x67373,Ahmedabad,IT,115007
497,Diane Becker,theodorealvarado@example.com,001-764-246-5213,Mumbai,Marketing,126750
498,Rebekah Hall,michellethompson@example.com,+1-345-336-2011x25360,Ahmedabad,Finance,47580
499,Kathy Cook,flarson@example.org,001-482-705-2721x70184,Ahmedabad,HR,101428
500,Brian Lewis,tracysmith@example.net,001-920-439-6142x22842,Mumbai,IT,33266
501,Trevor Cowan,debbiegarcia@example.org,(528)645-4035x2616,Mumbai,HR,69176
502,Nicole Nguyen,wendystephenson@example.com,(221)960-8593,Pune,Finance,111971
503,Jonathan Brennan DVM,jpetty@example.net,+1-917-273-8842x86981,Pune,IT,142085
504,David Acevedo,rwalter@example.org,956.434.2849,Mumbai,IT,35322
505,Jerry Tyler,michael37@example.com,001-381-895-4523x004,Bangalore,HR,98375
506,Casey Smith,bsmith@example.com,001-538-969-1090x776,Bangalore,Marketing,73043
507,Todd Mueller,lmoran@example.net,(680)270-4470x3678,Mumbai,Finance,115464
508,Michael Olson,shawnflores@example.org,487.834.2744x0891,Pune,Marketing,90935
509,Kimberly Mathis,timothy53@example.org,(998)897-3239,Mumbai,Marketing,50386
510,James Morris,angelareyes@example.com,+1-348-590-6719,Delhi,Marketing,113884
511,Joshua Taylor,progers@example.org,4598353591,Mumbai,Finance,30480
512,Jared Kirby,karenphillips@example.com,478.261.0941x9527,Bangalore,IT,58375
513,David House,patrickcarroll@example.net,840-930-8664x161,Ahmedabad,HR,101013
514,Bradley Taylor,andersonroy@example.com,+1-397-812-0256x0127,Delhi,HR,143183
515,Frank Nixon,claudiabrooks@example.org,001-444-203-1591x070,Mumbai,Finance,48283
516,Terry Holden,desiree76@example.net,226.798.2377,Pune,Sales,34191
517,Julie Harrington,zfinley@example.net,+1-492-482-7865x18331,Ahmedabad,Finance,61787
518,Paige Kemp,ddoyle@example.com,001-629-765-3262x263,Mumbai,Sales,98642
519,Carmen Foster,joelthomas@example.net,+1-482-551-1081,Mumbai,IT,80583
520,Thomas Garcia,xfarley@example.net,001-782-826-1101x4955,Ahmedabad,IT,46362
521,Victor Fuller,mcphersonerin@example.org,5416249665,Delhi,Finance,79919
522,Sean Hamilton,davidwhitney@example.net,(710)260-7413,Mumbai,Sales,140665
523,Emily Brown,zacharywilliams@example.net,001-970-879-8878x083,Mumbai,Finance,138050
524,Kimberly Pierce,karensullivan@example.com,587-649-7273x64019,Ahmedabad,Marketing,70855
525,Anthony Calhoun,amanda77@example.com,001-879-747-2245x86695,Bangalore,Finance,32423
526,Stephen Hernandez,olivia88@example.net,3366511617,Ahmedabad,Sales,137071
527,Donald Tapia,ahogan@example.org,001-601-587-3239,Ahmedabad,Sales,89544
528,Cassidy Anderson,millertanya@example.com,(521)735-8302,Bangalore,IT,100486
529,Brittany Schmidt,gjenkins@example.net,933.788.3742x751,Delhi,Sales,97081
530,Christopher Love,dustin83@example.org,001-247-414-3937,Mumbai,Marketing,118497
531,Ryan Newman,richardpierce@example.net,+1-965-880-0075x69266,Ahmedabad,Marketing,36961
532,Michelle Moss,webbamy@example.com,001-787-922-5757x746,Delhi,HR,59705
533,Bryan Brown,brownanne@example.org,235.673.2020x85269,Delhi,IT,69485
534,Daniel Phelps,daybobby@example.org,001-290-476-3778,Delhi,IT,77244
535,Michael Mccullough,laura04@example.com,827-946-7817,Delhi,IT,52816
536,Sheri Gallagher,jeffrey82@example.net,001-371-817-6305x915,Pune,IT,101154
537,Cesar Mayer,michelle00@example.com,267-484-4606x258,Pune,Marketing,56811
538,Caleb Wilson,drewtucker@example.org,(562)635-0568x40050,Mumbai,Finance,65817
539,Jared Fernandez,bowmanalexis@example.org,(663)839-6341x367,Pune,HR,147421
540,Charles Anderson,jason71@example.org,(783)395-1677,Bangalore,Marketing,42108
541,Melanie Cunningham,gduarte@example.net,693.642.1077,Ahmedabad,Finance,124584
542,James Lee,taylorwilliams@example.org,(301)979-0450,Mumbai,IT,61027
543,Jacqueline Wright,kimberly82@example.com,609-494-0048x8686,Ahmedabad,Sales,40060
544,Duane Miller,richardbrittany@example.org,357.340.8758,Ahmedabad,Sales,48106
545,Sherri Miles,richard85@example.org,001-283-760-4880x161,Ahmedabad,IT,149270
546,Joseph Cooke,ijones@example.net,(939)669-7997x53879,Delhi,Sales,133021
547,Amy Chapman,farleyjeffery@example.org,489.523.5061x70714,Mumbai,Finance,45151
548,Megan Reese,donnasimmons@example.net,(791)571-1768x5442,Pune,IT,144322
549,Tina Campos,bellwilliam@example.org,206-396-5363,Delhi,HR,123820
550,Maria Fowler,kent84@example.com,725.569.7211x21804,Delhi,Sales,35266
551,Ashley Benitez,tparker@example.org,631.205.9488x76392,Pune,Sales,62125
552,Angela Jones,reynoldsshawn@example.org,566-541-4482x09668,Pune,Sales,143682
553,Gary Jones,richmondsara@example.com,381.620.5304x6913,Delhi,HR,81103
554,Eric Horne,ibeck@example.org,765-561-4751,Mumbai,Sales,114077
555,Angela Gibson,nathan55@example.org,291-991-1421x98802,Delhi,HR,110299
556,Sharon Smith,kendra86@example.net,853.353.3853x0834,Mumbai,Marketing,145764
557,Kevin Peck,jerry28@example.com,9965687124,Ahmedabad,Marketing,41129
558,James Glenn,oeaton@example.com,876-379-1871,Mumbai,IT,98096
559,Amy Taylor,andrea66@example.org,483.839.1310x4849,Mumbai,Finance,129623
560,Victor Cummings,barbaraberry@example.org,231-479-4981,Mumbai,Sales,72172
561,Susan Steele,gilesshaun@example.com,805.920.9219,Ahmedabad,Marketing,113074
562,Eugene Chang,christopherguzman@example.com,+1-737-447-9738,Delhi,Finance,54768
563,Andrew Harris,valeriemoreno@example.com,353.461.7126x586,Mumbai,Sales,73228
564,David Meyers,uphillips@example.org,669.681.1063x24266,Mumbai,IT,113126
565,Jacob Bates,savannah53@example.net,(803)821-6642x246,Mumbai,Marketing,107963
566,Samantha Turner,matthewbryant@example.net,001-236-297-9514,Bangalore,Sales,140655
567,Dr. Steven Day,ashley05@example.org,001-569-301-5941x97026,Mumbai,HR,38078
568,Kevin Pratt,michaeladkins@example.net,584.770.5746x851,Mumbai,Sales,103047
569,Nicole Smith,wilsonvictoria@example.com,(568)279-2353x778,Pune,IT,59193
570,Robert Rodriguez,melissagarcia@example.com,668.777.0578x3856,Delhi,Marketing,89628
571,Monica Rodriguez,smithmegan@example.org,911-821-5861,Delhi,Marketing,39281
572,Alyssa West,derek15@example.net,+1-446-795-9199x24754,Pune,IT,139527
573,William Monroe,donnamendoza@example.net,795.285.2782x2435,Ahmedabad,HR,133915
574,Jacqueline Raymond,alvaradogerald@example.com,771-377-0798x742,Bangalore,HR,135536
575,Amanda Franklin,hessbrian@example.net,212.685.2242x421,Bangalore,Finance,63077
576,Angela Stephens,briannajensen@example.com,824.395.5836,Mumbai,Sales,88324
577,Jacqueline Hughes,vhernandez@example.net,(546)379-6318,Pune,IT,64467
578,Stephanie Garcia,alexandragilmore@example.org,904-616-6910,Pune,HR,38759
579,Marcus Sims,brianabrown@example.net,(681)281-0570x3978,Pune,Finance,108644
580,Amber Huber,kristawilkins@example.org,+1-596-525-4292x567,Delhi,Marketing,47512
581,Joseph Jackson,heathercharles@example.com,(849)875-1197x02172,Delhi,Marketing,140827
582,George James,patricia59@example.net,466-535-9562x77527,Mumbai,IT,127648
583,James Robertson,bgreen@example.net,469.412.5919,Bangalore,HR,149189
584,Laura Hughes,shawndodson@example.net,001-792-394-6116x4079,Delhi,Finance,53725
585,Jessica Long,colenancy@example.org,571-637-8275,Pune,IT,88566
586,Jennifer Chan,danpayne@example.org,001-588-980-9404x218,Ahmedabad,Marketing,106045
587,Erin Clark,miranda08@example.org,720-626-7119x65805,Pune,IT,68500
588,April Martinez,chatfield@example.com,001-928-527-0702x176,Bangalore,IT,84595
589,Jeffrey Ray,kerrscott@example.net,8614359603,Bangalore,Marketing,117445
590,Brittany Sanchez,ashleekrause@example.net,+1-876-985-2581,Bangalore,Finance,104188
591,George Murphy,lisa04@example.org,8649389855,Ahmedabad,IT,45825
592,Pamela Garza,jamie16@example.org,816-723-9227x3222,Bangalore,Marketing,105979
593,James Black,nicole19@example.com,(938)413-8007x84167,Mumbai,Marketing,44047
594,Jordan Mcdonald,julie30@example.com,001-805-651-8522x93004,Ahmedabad,IT,119679
595,Jeremy Williams,carl87@example.com,832-271-7627x758,Pune,Sales,143913
596,Christopher Cohen,myoung@example.net,(597)915-0303x89624,Delhi,IT,121118
597,Richard Maxwell,bdominguez@example.net,001-761-338-4561x32524,Mumbai,Sales,134720
598,Angela Duffy,juliejohnson@example.com,001-832-202-4105x4821,Delhi,Finance,114839
599,Zachary Garza,kimberlypalmer@example.org,(804)586-4801,Delhi,HR,90685
600,William Craig,qgarcia@example.com,001-201-310-6991,Bangalore,Marketing,135778
601,Donald Lane,ashleykelley@example.org,5874186921,Pune,Sales,57377
602,Nathan Leblanc,heather40@example.com,+1-280-980-8385x00399,Delhi,Sales,135217
603,Alexander Stevens,christopherwilliams@example.org,3274498094,Ahmedabad,IT,75862
604,Susan Harvey,raymond87@example.net,774-873-4870,Delhi,Finance,53499
605,Molly Taylor,roberta15@example.org,234.289.6338,Bangalore,IT,118356
606,Daniel Hawkins,allengary@example.net,+1-578-479-6043,Delhi,IT,84779
607,Shannon Moore,mark94@example.org,816-497-7106x81856,Ahmedabad,IT,124087
608,Elizabeth Mahoney,marshallthomas@example.org,294-623-4002,Pune,Finance,114421
609,Pamela Brown,aenglish@example.com,001-499-443-8024x84052,Ahmedabad,Finance,97607
610,Erik West,waltersricky@example.net,001-375-832-5864x12925,Mumbai,Sales,79963
611,Brandon Santana,lauralarson@example.net,816-524-9970,Mumbai,Sales,36919
612,Kathy Christian,jameszhang@example.com,+1-275-348-0190x7983,Pune,Sales,33141
613,Angela Rodriguez,jessicaowens@example.net,530.318.1501,Delhi,IT,81722
614,Eric Peterson,adampotts@example.com,703-650-9346,Mumbai,Sales,38906
615,Richard Patterson,george18@example.net,(791)729-5694x3997,Pune,IT,43542
616,Christina Ortiz,jknight@example.org,001-757-251-3649,Bangalore,HR,57114
617,Christina Green,aaron83@example.net,686.893.2370x94468,Mumbai,IT,80555
618,Heather Andrews MD,robertritter@example.com,807.978.9985,Delhi,Marketing,103404
619,Danielle Irwin,todd27@example.net,(564)280-6467x85331,Pune,IT,32899
620,April Mccarty,ronnie40@example.net,336.860.1561x4985,Delhi,Marketing,75145
621,Jennifer Whitaker,leeglenn@example.net,+1-823-672-0470x85197,Delhi,Sales,46151
622,Margaret Bradley,lcampbell@example.net,+1-717-462-9574x250,Ahmedabad,Finance,86490
623,Jessica Thompson,kenneth08@example.org,575-666-3647,Ahmedabad,IT,74525
624,Cathy Mckee,larrycampbell@example.com,+1-221-627-4064x951,Ahmedabad,HR,67638
625,Victor Willis,ijames@example.org,303.415.0797x50422,Pune,HR,50495
626,Wendy Phillips,virginiaadams@example.org,+1-488-991-6140,Pune,Sales,135045
627,Kim Kramer,rachelbarton@example.org,+1-651-946-6884x567,Ahmedabad,HR,95608
628,Katherine Zamora,rwood@example.net,863.824.2782x2276,Bangalore,Sales,123083
629,Katherine Hall,wendy30@example.net,242.483.3526,Pune,Finance,85576
630,Michelle Wilkinson,robinsonkenneth@example.com,(638)291-8992x5571,Bangalore,IT,41666
631,Austin Palmer,johnlee@example.org,587.284.2295,Ahmedabad,IT,140541
632,Amy Donaldson,griffinpatrick@example.com,854.282.9858x504,Delhi,Finance,144011
633,Vanessa Green,efowler@example.com,542-913-9924x1490,Delhi,Sales,136613
634,Amy Perez,jessica91@example.org,001-511-860-0287,Pune,Marketing,87754
635,Monica Jefferson,tdavis@example.com,581.622.2395x16722,Delhi,HR,61559
636,Brian Hughes,faithbrown@example.com,001-510-913-6974,Bangalore,IT,46490
637,Mark Reyes,vleach@example.net,+1-226-217-5932x051,Bangalore,Marketing,121764
638,Carlos Singh,mejiajason@example.com,(809)827-0801,Delhi,Sales,116928
639,Robert Hernandez,reidrobert@example.org,(643)939-1788x6232,Bangalore,Sales,117152
640,Mitchell Hale,vaughnadam@example.net,(292)614-4203x730,Ahmedabad,Marketing,39433
641,Brian Perez,stephanie57@example.org,+1-513-596-6893x9629,Delhi,Marketing,135129
642,Kurt Crane,john23@example.org,+1-665-789-5798x9165,Bangalore,Finance,58028
643,Jasmin Woods,lisa99@example.com,4112708198,Bangalore,Finance,38610
644,Brittany Ware,garywallace@example.net,319.305.7864,Delhi,Marketing,48408
645,Mr. Kevin Phillips,jessica34@example.org,+1-998-385-4241x944,Delhi,HR,72714
646,Matthew Ramos,lkelly@example.com,575.734.0543,Delhi,IT,123210
647,Jose Cole,angie78@example.net,001-750-578-9114x318,Pune,Finance,74414
648,Richard Walls,starkkatherine@example.org,001-682-291-0034,Pune,Marketing,55851
649,Ronald Cooper,carrollheather@example.com,483.374.5814,Mumbai,Marketing,48945
650,Brianna Douglas,nhansen@example.com,954.539.1547,Bangalore,IT,79759
651,Kayla Mendoza,mark48@example.com,(367)424-3509,Ahmedabad,Finance,51219
652,Stephanie Davis,xalvarado@example.org,+1-410-369-7389x604,Mumbai,Sales,108682
653,Antonio Bullock,tinafaulkner@example.org,001-810-662-2270x148,Mumbai,Finance,33221
654,Ryan Rodriguez,fmurray@example.com,294-722-9564,Delhi,Finance,142575
655,Kevin Atkinson,osbornescott@example.org,(716)858-6329x2452,Delhi,HR,37425
656,Mary Erickson,marilynrobinson@example.com,001-760-351-4087x985,Delhi,Sales,79639
657,Amanda Lynch,millermonica@example.org,001-472-600-9406x93392,Pune,Sales,36108
658,Taylor Olson,bradley22@example.org,2456882945,Ahmedabad,Finance,83195
659,Paul Rose,tdelgado@example.net,876.916.7520,Ahmedabad,Finance,78441
660,Elizabeth Ramirez,ssutton@example.net,453-946-9431,Ahmedabad,Finance,84303
661,Robert Hall,robinsoncody@example.org,(743)460-0358,Pune,IT,70156
662,Heather Jackson,taylorkayla@example.org,+1-461-726-9274,Mumbai,HR,66291
663,Denise Guzman,powersdaniel@example.org,001-808-794-0789x3002,Bangalore,HR,34671
664,Bethany Rice,thomas33@example.com,6157309115,Delhi,Finance,95010
665,Elizabeth Garcia,sanfordjames@example.net,(516)643-7693x6951,Mumbai,Sales,65293
666,Ethan Collins,icrane@example.org,+1-741-230-7013x14694,Ahmedabad,Marketing,103662
667,Melanie Mitchell,dawngreen@example.com,426.354.6746x66239,Delhi,Sales,54617
668,Deborah Hernandez,cpatel@example.com,948-932-1450,Delhi,HR,30970
669,Wayne Patel,janetsmith@example.com,+1-476-636-0864x093,Delhi,IT,61813
670,Kathy Smith,vmurphy@example.com,366-322-3314x0493,Delhi,Sales,71215
671,Brittney Hickman,wlawrence@example.org,+1-316-543-6338,Mumbai,Sales,89483
672,Sabrina Flores,jennycamacho@example.com,(336)958-0918x0810,Pune,HR,131282
673,Nicole Heath,hannah59@example.org,807.570.6506x038,Bangalore,IT,146419
674,Todd Gonzales,lwright@example.com,3192595351,Ahmedabad,Finance,99876
675,Kendra Davenport,plee@example.net,8138955231,Mumbai,Marketing,134819
676,Angela Taylor,kramermichael@example.com,(988)425-5082,Mumbai,IT,77124
677,Spencer Moore,prattdeborah@example.org,(914)930-6266x555,Delhi,IT,66069
678,Priscilla Maxwell,williamstephens@example.com,724.293.2043x9656,Delhi,Marketing,92623
679,Travis Pineda,esmith@example.net,+1-907-699-7404x580,Delhi,Finance,120503
680,Caitlyn Miller,karlmata@example.net,001-932-463-7248x11196,Mumbai,Marketing,75064
681,Todd Bennett,jameskerr@example.com,001-364-785-1082,Pune,Sales,114212
682,Mr. Michael Jefferson,ggonzalez@example.org,324.439.1144x589,Mumbai,HR,137303
683,Hannah Thomas,john46@example.com,902-537-8505,Mumbai,HR,125403
684,Donna Ward,dawn63@example.org,3478810176,Ahmedabad,Sales,147274
685,Christopher Hanson,daniellejones@example.org,693-540-3118x200,Bangalore,Finance,92239
686,Michael Villa,hopkinschris@example.net,803-653-5464,Delhi,Finance,127575
687,Patricia Evans,bradley38@example.org,+1-277-366-5459x82818,Mumbai,Sales,45641
688,Shannon Johns,steveholmes@example.org,868-365-9616x61118,Bangalore,Sales,39354
689,Jessica Clark,renee50@example.org,217.882.4793x072,Delhi,Marketing,62532
690,Wayne Foley,debra18@example.org,(466)977-9670,Delhi,Sales,92998
691,Jade Pope,taylor80@example.net,215.235.7164x9046,Bangalore,Marketing,39642
692,Scott Stewart,mannnathan@example.com,+1-656-772-6165x5064,Mumbai,IT,140497
693,Sherri Graves,ajones@example.net,223.305.4316,Delhi,Sales,133511
694,Charles Wilson,jesselee@example.org,001-634-876-7983x3048,Delhi,HR,48179
695,Jillian Williams,tmcmillan@example.com,001-377-561-1941x069,Bangalore,Sales,88104
696,Lisa Smith,jeffreyliu@example.net,+1-579-668-4796,Delhi,Finance,146201
697,Nathan Gilbert,joshuajones@example.net,+1-448-556-0653x311,Mumbai,Sales,62266
698,Mason Adams,amanda23@example.org,(322)296-6286,Bangalore,HR,71232
699,Bruce Walton,karenkim@example.org,6786614830,Delhi,IT,81237
700,Jacqueline Pratt,morrisdrew@example.org,646-571-7930,Delhi,Sales,122503
701,Cynthia Shaffer,howellbrooke@example.com,3259479934,Bangalore,IT,129821
702,Amy White,johnsonsteven@example.net,311-518-9210x02212,Mumbai,Sales,133787
703,Robert Grimes,zacharykrause@example.com,(910)270-7272,Ahmedabad,HR,144415
704,Amanda Mcbride DVM,debra54@example.com,3432551016,Bangalore,IT,32719
705,Sheila Mendoza,patrickjessica@example.net,001-206-259-5921x785,Mumbai,Marketing,135203
706,Calvin Gonzalez,michael99@example.com,(346)573-6357x7610,Ahmedabad,IT,39191
707,Ricardo Alvarez,stevenrodriguez@example.net,975.309.0388,Mumbai,Sales,71288
708,Jeffrey Carson,sean49@example.net,+1-890-592-2133x69973,Ahmedabad,HR,54133
709,Lisa Tate,crosschristy@example.com,001-661-567-9501x4838,Delhi,Marketing,30020
710,Teresa Payne,jennifersanders@example.net,9603124853,Bangalore,HR,118269
711,Heather Moore,michaellarson@example.net,507.853.0403x113,Pune,Marketing,105579
712,Roger Jones,qblack@example.org,(920)456-3243,Mumbai,Marketing,92439
713,Sarah Hubbard,erodriguez@example.net,830-764-6309,Pune,Finance,92891
714,Peter Cole,imcdonald@example.org,593-400-2050,Pune,Finance,79950
715,Jennifer Jordan,wendyrodriguez@example.net,+1-428-778-0070x719,Delhi,IT,42843
716,April Park,isalazar@example.com,3916132828,Mumbai,Finance,71704
717,Angela Jensen,qbailey@example.com,+1-687-875-6877,Delhi,Sales,54414
718,Glenda Owens,qalexander@example.com,209.379.1467,Delhi,Finance,65480
719,Michael Price,ujones@example.net,372-623-3371,Bangalore,Finance,57983
720,Mr. Peter Meyer DDS,charles89@example.net,(901)914-0528x4813,Delhi,HR,134567
721,James Harris,cleon@example.net,546.740.3964x78308,Pune,Marketing,115801
722,Ashley Allen,william83@example.net,376.423.4535x2597,Ahmedabad,Marketing,86606
723,Brian Jones,rodgerselaine@example.org,+1-891-758-2824x575,Bangalore,Marketing,44390
724,Angela Horn,traceysimmons@example.com,317.780.2197x46059,Ahmedabad,Sales,96063
725,James Sanchez,mathischristy@example.com,414-283-7442,Ahmedabad,HR,34120
726,Gloria Gates,pgray@example.org,755.562.9867x8499,Delhi,Sales,133410
727,Steven Mack,kimberly58@example.com,307-235-0452x2068,Bangalore,Sales,69622
728,Jasmine Gibson,susanbrown@example.org,521.355.8985x0835,Delhi,Sales,49361
729,Jennifer Martin,wjohnson@example.org,828-288-3641x61232,Ahmedabad,Sales,36162
730,Carol Holloway,tuckercrystal@example.net,001-319-496-9046,Bangalore,Marketing,50813
731,David Martinez,schristian@example.org,(964)778-0101x83743,Mumbai,Sales,74637
732,Scott Zhang,carriegillespie@example.org,513-671-9222x2259,Mumbai,HR,33930
733,Christopher Castillo,tricia36@example.com,598.341.8534x3241,Ahmedabad,Finance,144386
734,Robert Hill,kjohnson@example.com,201-693-4114,Delhi,HR,92692
735,Brandon Daniels,michaelmorgan@example.org,722.302.7625x89456,Mumbai,IT,36592
736,Andrea Perkins,johnsoneric@example.com,+1-723-655-8481,Bangalore,HR,32654
737,Kimberly Russell,jpierce@example.net,(421)488-5186x55362,Delhi,Sales,80800
738,Deborah Patton,jillchandler@example.com,572-876-7071x3145,Delhi,HR,148786
739,George Mcdonald,rking@example.net,001-736-733-8038x47499,Mumbai,HR,138757
740,Lawrence Davis,matthewsjessica@example.org,001-707-503-9622x134,Ahmedabad,IT,59245
741,Nicholas Waters,cjohnson@example.net,656.571.7449,Ahmedabad,IT,93091
742,Sean Watts,griffithbilly@example.com,589-951-9721x5311,Delhi,Marketing,84065
743,Timothy Campbell,sdaniel@example.net,+1-726-759-6581,Pune,Marketing,148556
744,Stephen Jackson,monica94@example.org,473.709.8976,Pune,IT,133607
745,Dr. Alexander Carey,orrtodd@example.org,(584)742-7429x8083,Ahmedabad,HR,95841
746,Vanessa White,oscar61@example.net,(977)273-3486,Pune,Finance,83978
747,Bruce Rogers,zbates@example.net,(319)444-0507x82285,Pune,IT,120606
748,Heather Vincent DVM,jennifer21@example.org,001-910-580-8238x759,Ahmedabad,Marketing,36477
749,Chelsea Johns,brendawoods@example.com,562-468-3389x20672,Mumbai,Marketing,107627
750,Richard Campbell,pricejames@example.net,601.217.5253,Delhi,Finance,125698
751,Nancy Anthony,ashley52@example.com,001-650-305-1509x141,Delhi,Sales,39010
752,Nicole Fox,jacobadams@example.net,449-933-8492x984,Bangalore,Finance,84550
753,Christina West MD,huntersanchez@example.com,201.579.5277x74944,Pune,Finance,76186
754,Joel Williams,terrylori@example.net,(544)437-2836x38125,Ahmedabad,Marketing,141325
755,Angela Huang,fernandezbrittany@example.net,001-748-747-3752x41721,Ahmedabad,Finance,113430
756,Lisa Craig,nathan05@example.net,+1-429-772-3838x2886,Bangalore,HR,52826
757,Michael Anderson,xbradley@example.org,001-748-340-6102x152,Ahmedabad,Finance,57327
758,Julia Tran,scottleah@example.net,(457)825-6958,Bangalore,Sales,60910
759,Paul Nichols,quinnsusan@example.org,+1-790-668-9166,Mumbai,Marketing,37100
760,Deborah Walker,derrick36@example.com,8985266480,Bangalore,HR,143299
761,Christopher Diaz,jeremyschultz@example.net,001-845-640-5218x32210,Pune,IT,88281
762,Joel Bates,leeronald@example.net,620-746-8620x189,Pune,HR,48705
763,Alicia Douglas,patriciacontreras@example.com,7924925010,Bangalore,Sales,97654
764,James Norman,joelgilbert@example.com,(498)489-3493x98313,Pune,Sales,108580
765,Natalie Butler,robert37@example.com,599-358-9061x8927,Ahmedabad,HR,46108
766,Luke Aguilar,brittany34@example.net,001-279-322-9608x8479,Mumbai,HR,123455
767,Jillian Harris,susan42@example.org,721-214-5303x32985,Delhi,HR,124801
768,Sara Rice,luisball@example.com,(303)780-8857,Mumbai,HR,141006
769,Emily Dominguez,cramos@example.org,001-489-833-7476x258,Bangalore,Finance,128245
770,Nancy Johnson,zrhodes@example.net,(528)836-4576,Delhi,IT,138642
771,Anita Potter,kimaustin@example.org,719.460.2757x375,Mumbai,IT,102543
772,Breanna Johnson,staffordmichael@example.com,4397305496,Mumbai,Marketing,32825
773,Mrs. Molly Terry,jcox@example.org,+1-881-574-7255,Ahmedabad,Marketing,64078
774,Susan Chan,brandisanford@example.com,5862302157,Delhi,HR,139079
775,Edward Lane,irobertson@example.com,(360)627-9948x6466,Bangalore,HR,108246
776,James Lyons,dmiller@example.com,2697981839,Bangalore,Finance,94910
777,Manuel Williams,christopherfranklin@example.org,(473)861-1787,Delhi,Sales,33704
778,Mary Skinner,sarah62@example.org,(624)947-3214,Delhi,Marketing,58115
779,Jared Marshall,loganmartinez@example.org,(755)306-0226x1161,Mumbai,HR,31785
780,Brianna Hamilton,millsbrian@example.net,985.917.4248x594,Mumbai,Sales,106637
781,Brian Davis,lindseycombs@example.net,281-336-1835,Delhi,IT,49185
782,Carrie Hudson,xbrown@example.net,645-802-4695x162,Pune,Finance,48828
783,Patrick Mcknight,zmendoza@example.org,957-263-5037x419,Pune,Marketing,123184
784,Donna Davis,ymcconnell@example.com,3414593400,Bangalore,Marketing,57351
785,Steven Miller,ashleydickson@example.net,868.318.3506x54140,Mumbai,HR,49274
786,Renee Smith,alexford@example.org,(213)261-2052x39532,Delhi,HR,68908
787,Jon Wise,gilbertaustin@example.org,(487)207-3889x074,Bangalore,IT,106899
788,Shannon Cruz,elizabethwells@example.org,(846)676-2283,Mumbai,Marketing,106329
789,Matthew Estes,usavage@example.org,632.633.9907x664,Ahmedabad,Sales,91916
790,Diana Young,powelljoel@example.net,+1-989-219-7598x674,Mumbai,IT,122976
791,Angela Garcia,jacksonjames@example.net,001-363-855-5908x35005,Pune,HR,58513
792,Thomas Johnson,osherman@example.net,001-562-944-6188x2002,Ahmedabad,HR,60546
793,David Conway,thart@example.net,001-258-964-8852x397,Mumbai,IT,96700
794,Jeremy Flores,rachelhenry@example.org,(262)561-8069x8047,Mumbai,Finance,90928
795,Eric Schneider,zhicks@example.org,377-335-5795x4349,Pune,HR,62178
796,Derrick Gordon,gary14@example.net,990.232.3281x38775,Delhi,Finance,118454
797,Elizabeth Love,jon05@example.org,(383)969-4244x657,Delhi,Finance,53479
798,Casey Stevens,ikennedy@example.com,950-614-6038x2803,Pune,HR,134074
799,Jacob Curry,garnertracey@example.net,934.726.7587x49562,Pune,IT,127980
800,Beth Turner,silvaanne@example.com,+1-714-654-5220x308,Ahmedabad,Marketing,129592
801,Michael Berry,jenkinsteresa@example.com,739-340-0779,Ahmedabad,Marketing,54399
802,Matthew Williams,mooremanuel@example.org,919.283.3870x750,Delhi,IT,86902
803,Christopher Smith PhD,howard50@example.net,+1-623-999-8374x94712,Delhi,Finance,141351
804,Stephen Adams,john85@example.net,466.963.4605,Mumbai,HR,112393
805,Bryan Brown,mckenzie37@example.net,001-854-300-6194x0360,Mumbai,Finance,100074
806,Frances Jones,christopher85@example.net,354-641-2101x42054,Ahmedabad,IT,61752
807,Michael Green,marcus09@example.org,(904)998-6147,Mumbai,Finance,94959
808,Lisa Martinez,rodney16@example.net,(455)236-9237x595,Mumbai,Marketing,58688
809,Christopher Jackson,ericanunez@example.net,667-632-3040x89913,Bangalore,Finance,46527
810,Robert Bray,udorsey@example.com,522.374.1701x1300,Ahmedabad,Marketing,96894
811,Daniel Stephens,lindseycharles@example.net,714.622.8024x964,Bangalore,HR,43392
812,Cody Berry,brianwise@example.net,2029182914,Delhi,Marketing,135963
813,Allison Jensen,charris@example.org,484.761.1848x026,Delhi,IT,51132
814,Jorge Daugherty,lawrencespencer@example.com,431-538-2102,Ahmedabad,Sales,37661
815,Jamie Sullivan,ellischristina@example.org,(448)303-0525,Delhi,IT,36151
816,David Jones,bradforddavid@example.com,001-483-869-4753x358,Bangalore,Sales,131492
817,Cheryl Castro,angie29@example.net,001-439-874-4393,Mumbai,HR,144739
818,Brenda Huff,sanchezkimberly@example.com,514.558.0914,Bangalore,Sales,138397
819,Amy White,paul05@example.com,(598)858-3582,Ahmedabad,Sales,38674
820,William Elliott,ilewis@example.net,420.501.7753x418,Bangalore,Finance,38305
821,Walter Martinez,ngarcia@example.net,4468329820,Ahmedabad,Finance,110390
822,Kimberly Boone,ronaldpennington@example.net,7469814836,Mumbai,Marketing,132005
823,Steven Hale,johnsonstephanie@example.net,456-783-5187x08015,Pune,Finance,118984
824,Peter Maldonado,barnettdeborah@example.org,423.498.4134,Mumbai,Finance,127905
825,Melanie Harris,omendoza@example.org,503-927-8860x71700,Bangalore,HR,44382
826,Steve Johnson,millermary@example.org,3232595956,Pune,HR,70449
827,Thomas Vega,grantchelsea@example.com,(712)393-4102,Bangalore,Finance,81645
828,William Shepherd,nicholas69@example.net,(215)457-9882,Delhi,Sales,81839
829,Chase Harrison,dwilson@example.com,+1-842-266-6074x644,Bangalore,Marketing,102675
830,Krista Reynolds,david40@example.org,(266)996-4421x805,Pune,IT,60227
831,Jeffrey Garrett,jallen@example.net,(509)505-1974x36677,Bangalore,Finance,143863
832,Danielle Edwards,hanthony@example.org,9349765494,Delhi,Marketing,136516
833,Jamie Mata,tdiaz@example.net,001-851-471-9999x635,Ahmedabad,Marketing,87417
834,Mr. Jose Jones MD,zkane@example.org,994-230-3779,Ahmedabad,Marketing,88716
835,Judy Barker MD,calvarez@example.com,001-872-557-7368x214,Bangalore,IT,116690
836,Beth Conley,juan90@example.com,404.636.3959x668,Mumbai,Marketing,49128
837,Eric Bruce,markcordova@example.com,582.628.8848x8117,Ahmedabad,IT,104208
838,Amy Hickman,callison@example.org,8258360658,Pune,HR,50381
839,Terri Sanchez,jamiestevens@example.com,6639603796,Delhi,HR,55608
840,Kyle Sims,jamesward@example.org,001-230-702-2402x2333,Ahmedabad,Marketing,100835
841,James Cooper,manuel01@example.net,(363)668-9098x3730,Pune,Sales,69521
842,David Barnett,leslielopez@example.net,947.341.9500,Bangalore,IT,33182
843,Cynthia Alexander,millerstephen@example.com,584.979.2003x73518,Bangalore,IT,97177
844,Amy Martin,fernandezgrace@example.net,001-336-364-6490,Delhi,HR,81778
845,Robert Lewis,ellisandres@example.net,+1-673-860-1106,Bangalore,Sales,119999
846,Mark Mckenzie,clinton23@example.net,+1-268-846-7908x9162,Delhi,IT,75145
847,Brian Mejia,mcampbell@example.com,814-298-8136,Bangalore,IT,96872
848,Andrea Collins,jbowers@example.com,3676676261,Bangalore,HR,93160
849,Jennifer Cooper,campbellrachel@example.org,(218)233-4321x01921,Pune,Finance,84549
850,Kelsey Sims,lydiawilliams@example.com,001-446-639-7840x65766,Ahmedabad,Sales,113482
851,Brenda Johnson,ymorris@example.net,(523)661-8645x5398,Pune,Sales,147153
852,Emma Kim,diane44@example.org,672-642-4705,Pune,Sales,104385
853,Yolanda Williams,nsantos@example.net,+1-243-954-9043x291,Delhi,IT,111909
854,Kevin Page,brianna32@example.net,373-904-8236x5878,Ahmedabad,Sales,71216
855,Breanna James,elizabethdiaz@example.net,766.588.9431,Ahmedabad,HR,75891
856,Tina Miller,sarah53@example.com,262-776-4639x0216,Delhi,IT,96131
857,Stephanie Williams,meyerjill@example.org,301-777-6187,Delhi,Finance,144796
858,Meghan Smith,matthew38@example.org,+1-311-491-9063x6308,Bangalore,HR,53723
859,Mitchell Sanchez,christine52@example.com,(227)762-1623x5123,Pune,Marketing,80816
860,Tammy Hill,tiffany34@example.com,(607)913-4159x3771,Pune,HR,88459
861,Brandon Tyler,melanie72@example.org,+1-564-507-4541x5657,Pune,Marketing,74675
862,Dr. James Cannon,amanda70@example.net,4522339856,Bangalore,Marketing,132212
863,Thomas Armstrong,robertsjoshua@example.net,990-708-0297x0999,Ahmedabad,IT,106364
864,Christopher Rose,burkesummer@example.net,733-242-4714x376,Bangalore,Sales,107229
865,Susan Reed,clarktraci@example.net,935-715-9316x07469,Pune,Marketing,75709
866,Priscilla Smith,ukennedy@example.com,711-923-3996x9460,Mumbai,HR,57808
867,Holly Shields,fwolfe@example.org,7054652683,Delhi,Sales,114624
868,Terry Perez,ruizhunter@example.org,(292)703-9871x060,Mumbai,Sales,126453
869,Tracy Norton,howellpeter@example.com,(416)584-3615x583,Mumbai,Sales,122217
870,Ashley Peterson,amandamaxwell@example.net,+1-671-858-5324,Mumbai,HR,128173
871,Lauren Booth,marcusbruce@example.com,(881)467-9390,Pune,IT,113181
872,Alexis Hamilton,archerashley@example.com,379.555.0284x34335,Bangalore,HR,130931
873,Phillip Booth,jennifer05@example.net,968.745.2955,Pune,Marketing,60612
874,Charles Holland,jenny32@example.com,+1-619-576-9209x87569,Ahmedabad,Finance,53258
875,David Mora,doris73@example.net,924.274.5807,Pune,Sales,139049
876,Kimberly Hamilton,jeremy55@example.com,680-398-9884x0144,Pune,Finance,68230
877,Paul Flores,joel64@example.org,(943)724-0795,Delhi,HR,100932
878,Brenda Moore,theresa99@example.org,(204)296-5119x75442,Delhi,HR,55859
879,Paul Hughes,phyllisramirez@example.net,916-400-9103,Pune,Finance,142425
880,Tiffany Bush,carl62@example.com,001-807-766-2880,Ahmedabad,Marketing,109551
881,Gregory Ferguson,jillian33@example.com,5957388512,Ahmedabad,Marketing,55967
882,Deborah Lane,vickiebutler@example.net,+1-664-542-4349x27953,Pune,HR,33242
883,Timothy Harris,ijackson@example.org,5065025371,Pune,Finance,71539
884,Leonard Rich,stephaniebaker@example.org,783-651-9796x2475,Mumbai,Marketing,65095
885,Brent Gilmore Jr.,rweber@example.net,(371)492-0769,Ahmedabad,Finance,100257
886,David Mckenzie,knightdiana@example.net,680.860.8728,Bangalore,Finance,118105
887,Elizabeth Mills,asexton@example.com,001-265-807-5805x937,Bangalore,HR,119379
888,Matthew Sanchez,kingjamie@example.com,479.658.1417,Pune,Finance,140335
889,Austin Walker MD,scottalyssa@example.net,(999)954-6259,Ahmedabad,Sales,86407
890,Samantha Smith,calebwalker@example.com,+1-545-301-3572,Bangalore,Marketing,116853
891,Calvin Contreras,kentchristopher@example.com,633-464-9030,Pune,Finance,127853
892,Shelby Warner,garcialori@example.com,001-897-559-9447x0441,Pune,IT,121267
893,Cynthia Mann,vgarcia@example.net,554-584-1644,Pune,IT,64005
894,David Wilson,rjackson@example.com,652.981.9122x40621,Ahmedabad,Sales,36238
895,Richard Schmitt,pamjackson@example.org,(453)898-0273,Ahmedabad,Finance,53571
896,Lisa Gregory,campbelladam@example.org,001-942-305-3138x0355,Mumbai,Sales,72358
897,Angel Harris,bcarr@example.com,001-662-778-7917x907,Bangalore,HR,133312
898,Mark Walters,molly14@example.org,584.300.0511x525,Mumbai,IT,60834
899,Olivia Klein,michelle29@example.com,001-383-548-6190x41799,Delhi,HR,139598
900,Amy Rivera,luke06@example.org,273.986.8332x5339,Ahmedabad,IT,141878
901,Mrs. Lauren Meyer,ggarcia@example.com,001-920-515-7391x529,Delhi,Sales,122492
902,Hannah Thomas,andersonhector@example.net,857.967.5518,Bangalore,Finance,89527
903,Rebecca Duffy,zpope@example.com,+1-889-221-0767x693,Delhi,IT,132073
904,Heather Lee,jacobharris@example.net,975.649.6807,Delhi,Finance,112122
905,Michael Miller,odiaz@example.org,301.639.8642x33322,Pune,Marketing,111067
906,Bradley Harris,bryantnicole@example.org,418.407.6102,Delhi,HR,72086
907,Jeremy Williams,villegaserica@example.com,207.335.0892x092,Bangalore,IT,88969
908,David Martinez,meganscott@example.com,001-833-948-1274x08205,Mumbai,Sales,139133
909,Natalie Caldwell,meredith19@example.net,+1-905-588-6985x301,Bangalore,IT,88083
910,Jason Merritt,dmartin@example.net,+1-982-435-5512x339,Mumbai,HR,85681
911,Juan Lloyd,carriechen@example.org,257-253-1773,Mumbai,Marketing,121921
912,Latoya Robinson,cynthiahuerta@example.org,947.348.6474,Bangalore,Sales,137086
913,Robert Webb,justinsmith@example.net,001-372-375-7888x12486,Delhi,Marketing,116018
914,Eduardo Taylor,robbinsbrooke@example.org,754.778.3439,Pune,HR,79376
915,Ashley Carter,gamblejuan@example.net,001-208-473-3917x716,Bangalore,Marketing,108256
916,Jessica Fritz,fochoa@example.com,001-434-986-3320x1416,Bangalore,HR,89978
917,Kevin Joseph,jeffreygarcia@example.org,+1-473-385-4701x797,Ahmedabad,IT,134373
918,Gary Anderson,rachelleonard@example.org,6973071918,Bangalore,HR,110174
919,Scott Norman,william65@example.net,001-229-674-8352x653,Ahmedabad,Sales,130314
920,David Goodwin,monica82@example.org,8434075030,Ahmedabad,Sales,141785
921,John White,howelawrence@example.com,+1-270-926-3254x0902,Bangalore,HR,142984
922,Barbara Mckenzie,sterry@example.com,(841)599-4580x06290,Delhi,Sales,107132
923,Mrs. Katherine Huffman,norristhomas@example.net,(716)900-3182,Ahmedabad,HR,58048
924,Karen Watson,ablack@example.org,2375703427,Delhi,Finance,128884
925,Stephen Murray,kcarlson@example.org,4129211474,Ahmedabad,Finance,116534
926,Andrea Kelly,lisa34@example.com,249-252-6102x8163,Delhi,HR,112536
927,Jason Padilla,uowens@example.org,653.333.5438x54703,Pune,Sales,97623
928,Kristin Baldwin,hprice@example.net,219-457-6977,Pune,Sales,115124
929,Victor Ross,jeffrey70@example.com,534-207-2514x783,Pune,Finance,57674
930,Brandy Hart,katherinethompson@example.com,(850)422-4344x7287,Pune,Marketing,119750
931,Chris Miller,kjensen@example.org,001-539-547-5368x065,Mumbai,Sales,46078
932,Sandra Oliver,thompsonlaura@example.net,001-805-721-6081x33288,Bangalore,Marketing,125537
933,John Chase,kathleen19@example.net,(783)348-0783x6951,Delhi,IT,107001
934,Joel Smith,kmoore@example.net,+1-332-605-8833,Mumbai,HR,69800
935,Marisa Jackson,matthewsmith@example.net,(463)730-8676,Mumbai,IT,143763
936,Tyler Rios,fwilliams@example.com,+1-778-869-7334x8473,Mumbai,Marketing,130884
937,Mrs. Theresa Hayden,marvinmorris@example.com,001-933-433-6251,Bangalore,HR,131271
938,Caitlyn King,michelle51@example.net,(455)503-7286,Bangalore,HR,138550
939,Angelica Bell,edwardthompson@example.org,314.456.8930x286,Ahmedabad,IT,36616
940,Linda Stein,karl31@example.org,+1-721-488-8228x902,Mumbai,HR,141983
941,Douglas Olsen,stephanieshepherd@example.net,001-209-682-4872x192,Pune,HR,34531
942,Christopher Nichols,amysanders@example.net,701-936-9963x247,Ahmedabad,Finance,128047
943,Jacob Jones,schultzalexander@example.com,+1-729-377-6684,Delhi,Sales,34557
944,Richard Lopez,leejennifer@example.org,(788)366-9866x851,Bangalore,Sales,138353
945,Kelly Ruiz,hbrown@example.net,(765)787-6901x7813,Pune,IT,133474
946,Brittany Lewis,pboyd@example.org,+1-349-424-9984x26198,Bangalore,HR,103341
947,Frank Mejia,matthew18@example.com,001-696-957-7280x1396,Ahmedabad,IT,67720
948,Laura Bailey,ronald44@example.net,343.388.8490x4008,Delhi,HR,56170
949,Cynthia Terry,darindouglas@example.net,645.926.7032x56228,Mumbai,IT,115925
950,Mary Moody,erinward@example.net,+1-241-250-6018x140,Bangalore,Marketing,133869
951,Rachel Stewart,joshualove@example.com,4038895159,Pune,IT,132583
952,Brenda Edwards,susanwilson@example.com,955-420-5883x439,Mumbai,HR,108282
953,Kirk Davis,jennifercox@example.net,(671)951-8075x8877,Pune,IT,53139
954,Nicole Hansen,castrodavid@example.net,+1-711-975-3830x704,Mumbai,Sales,126265
955,Kurt Kramer,crystal66@example.net,+1-848-558-5174x654,Pune,HR,139324
956,Matthew Harper,kgraham@example.org,(360)213-5967x82468,Delhi,Marketing,135648
957,Natasha Johnson,austin27@example.org,384.647.0281x1972,Mumbai,HR,72387
958,Spencer Harrison,kaitlin58@example.net,(952)204-6287,Pune,Finance,97282
959,John Bell,jasmineanderson@example.com,7623478411,Mumbai,IT,85178
960,Timothy Jordan,myersveronica@example.net,921.423.4322,Mumbai,IT,88982
961,James Wade,xjohnson@example.net,347-464-0315x5934,Ahmedabad,HR,138815
962,Jordan Roberts,gaustin@example.org,852.978.4750x78388,Bangalore,Finance,134822
963,Dylan White MD,kathleen13@example.org,(323)245-8329,Delhi,Marketing,32591
964,Stacy West,daniel04@example.net,325-580-6503,Ahmedabad,IT,89431
965,Jacqueline Alvarez,fmccann@example.org,469-411-2785,Ahmedabad,Sales,143610
966,Paul White,davisnicole@example.org,(854)788-1824,Pune,Finance,108426
967,Dakota Gonzalez,wheeleranna@example.org,(406)453-4797,Mumbai,Finance,135994
968,Sarah Hughes,kevinrhodes@example.net,436-947-7639,Ahmedabad,Sales,97453
969,Ricky Martinez,claudiakane@example.net,+1-637-567-9456x5176,Mumbai,Sales,64731
970,Dawn Mcdonald,benjaminbrown@example.com,455.921.6079,Delhi,Finance,121069
971,Tonya Alexander,bwaters@example.org,249.402.9924x9631,Mumbai,Sales,103322
972,Kathryn Turner,hamiltonkathleen@example.com,001-369-620-8926x544,Delhi,IT,46507
973,Katherine Haynes,gonzaleztammy@example.net,(538)543-5519,Delhi,IT,42527
974,Kevin Smith,jchristian@example.com,7416770283,Pune,IT,103414
975,Jennifer Johnson,thomaskelley@example.com,696-592-6294x319,Bangalore,Finance,85217
976,Jason Mcgee,kevin53@example.com,(229)875-2441x07371,Ahmedabad,Finance,56946
977,Jacob Forbes,kennethmoore@example.net,358-873-9801,Mumbai,HR,53360
978,Joseph Bailey,gravesashley@example.com,552-642-8825x71715,Mumbai,IT,39981
979,Stephanie Wood,jharmon@example.net,(640)736-5763x2926,Pune,HR,44307
980,Timothy Hernandez,ewatson@example.net,(412)991-2690x30141,Ahmedabad,HR,68057
981,Marvin Shaw,leemaria@example.com,001-272-816-8074,Pune,Marketing,52896
982,Erika Jackson,rgonzalez@example.org,6319487866,Bangalore,Finance,44658
983,Travis Christensen,gregoryserrano@example.org,693.204.3634x129,Mumbai,Finance,100461
984,Peter Hernandez,huntjames@example.org,(800)292-5410x4105,Pune,HR,148260
985,Amanda Scott,hcameron@example.com,337.249.6394,Ahmedabad,Sales,121978
986,Christopher Harris,johnny23@example.net,001-500-586-1591x61189,Delhi,Sales,130789
987,Grant Cox,bethbarron@example.org,001-340-648-7741x04941,Mumbai,IT,86258
988,Vincent Cox,cbanks@example.org,+1-983-533-5509x5500,Bangalore,HR,123921
989,Michael Peterson,matthewdavis@example.net,(735)611-6769,Mumbai,Marketing,138068
990,Gregory Swanson,anthonyjones@example.net,(858)375-5740,Delhi,Marketing,149128
991,Elizabeth Allen,qthompson@example.org,423-436-2471x3994,Bangalore,Sales,132469
992,Alyssa Sandoval,phillip22@example.com,743-716-9950,Delhi,Finance,138347
993,Sherri Smith,npope@example.com,254-561-2794x2640,Pune,Sales,71941
994,Joshua Williams,pcolon@example.net,(527)712-5250x124,Delhi,Sales,124678
995,Christopher Rodriguez,christopher06@example.org,(568)392-7339,Mumbai,Sales,147918
996,Martha Davila,ryanbrooks@example.net,895-425-2717x12963,Pune,Marketing,121563
997,Maurice Lloyd,daniel81@example.org,(529)926-4896,Bangalore,HR,72364
998,Rachel Luna,sarah91@example.com,+1-481-237-6336x118,Mumbai,Finance,63806
999,Dr. Sandra Johnson PhD,hollyduran@example.org,533.760.9206x96716,Ahmedabad,HR,41283
1000,Jose Roberts,ryanvanessa@example.com,(897)221-4089x8739,Pune,Finance,91121
